{"mean": [23.98925, 2.00575, 1.00575, 0.20225, 17.3515, 118.81175, 77.44725, 10.647749994516372, 23.407, 8.187150005664677, 139.94675, 0.49225, 24.710949998378755], "std": [4.564771016984309, 0.8793275484709784, 0.8793275484709784, 0.40167765372246683, 15.489284933462677, 15.6695185611269, 9.960231796374003, 1.495794076135362, 9.062634881754843, 3.5096132175789054, 11.160484507291788, 0.8694480648664761, 2.3411204738467735]}